VirusShare_85b547e24466f08d3c534db6ef9ff8ec,com.august.frog
VirusShare_89bce8e29436daa7763d597638158737,com.llj.lunch.touch
VirusShare_9b5ed23acdd10b555e9dac418409d080,fair.com.adobe.pstouchphone
VirusShare_b41de979b60f3028d076ff5756fa3296,com.wk.fc.actedg
VirusShare_b49f6730df34b557324ef825ff70ff67,com.morrison.gallerylocklites
VirusShare_b76a00d57ef3369a15503a5c7d2cc672,com.letang.game124.yyz201402
VirusShare_e10dacd61fb5d46a61bba56e058bec5a,com.doo76.fruit.linker
VirusShare_dcd5c92ec1bdb3e4e45fd31c09361ad0,com.rockstar.gta3gerred
VirusShare_ed843f5ffbf39ac035e64bebea9114ad,com.onion.astep.gresters
VirusShare_e72553b59d5e41944137fb98e823dd7a,com.nckeke.childstudy
